user_id,delta
8588,37
8875,32
5883,29
8509,29
6851,28
7864,26
7865,26
8215,26
9291,26
2214,25
3179,25
5579,25
6089,25
145,24
1374,24
3070,24
8411,24
8488,24
1463,23
4952,23
7007,23
2072,22
6062,22
6428,22
7560,22
693,21
4386,21
5588,21
6414,21
9130,21
1680,20
1853,20
2872,20
2931,20
9119,20
9649,20
1061,19
1148,19
4829,19
4868,19
5207,19
5919,19
7452,19
7471,19
7552,19
168,18
565,18
1079,18
1088,18
1225,18
1350,18
1958,18
2788,18
3354,18
3359,18
3398,18
3756,18
4757,18
5799,18
5944,18
7107,18
7448,18
8292,18
167,17
328,17
1152,17
1228,17
1540,17
1975,17
3056,17
3122,17
3488,17
4312,17
4585,17
6003,17
6036,17
6111,17
6631,17
7401,17
8546,17
9628,17
350,16
407,16
711,16
821,16
993,16
2275,16
4052,16
4888,16
5056,16
6112,16
6672,16
8140,16
8891,16
1147,15
1156,15
1772,15
2831,15
2902,15
3502,15
3898,15
3925,15
4502,15
4626,15
5053,15
5705,15
5825,15
6252,15
6345,15
6590,15
6744,15
7147,15
7239,15
9373,15
9536,15
9828,15
10000,15
9448,14
9652,14
644,14
875,14
1106,14
1294,14
1556,14
2392,14
3463,14
3718,14
4296,14
4370,14
4736,14
4959,14
5226,14
5276,14
5284,14
5288,14
5493,14
5706,14
5853,14
5922,14
6030,14
6110,14
6173,14
6185,14
6844,14
7420,14
8083,14
8142,14
8670,14
8940,14
8990,14
9187,14
9326,14
135,13
767,13
805,13
1288,13
1394,13
1482,13
1649,13
1676,13
2004,13
2188,13
2469,13
3321,13
3361,13
3455,13
3943,13
4490,13
4543,13
4573,13
4582,13
4776,13
5232,13
5448,13
5648,13
5828,13
5905,13
6344,13
6355,13
6843,13
6981,13
7024,13
7268,13
8362,13
8698,13
9826,13
9718,12
9916,12
441,12
830,12
871,12
975,12
1274,12
1313,12
1469,12
1541,12
1726,12
1917,12
2396,12
2799,12
2892,12
3709,12
3959,12
4067,12
4444,12
4478,12
4562,12
4901,12
5043,12
5239,12
5271,12
6099,12
6241,12
6561,12
6712,12
6757,12
6769,12
7036,12
7185,12
8015,12
8317,12
8897,12
9068,12
134,11
163,11
744,11
932,11
1260,11
1334,11
1422,11
1515,11
1834,11
1862,11
2009,11
2102,11
2138,11
2341,11
2835,11
2869,11
3234,11
3574,11
4117,11
4207,11
4644,11
4935,11
5402,11
5755,11
5938,11
6076,11
6244,11
6524,11
6669,11
6914,11
6976,11
7018,11
7087,11
7198,11
7217,11
7332,11
7361,11
7502,11
8036,11
8128,11
8193,11
8517,11
8521,11
8529,11
8707,11
8916,11
8946,11
9459,11
9474,11
9895,11
9427,10
9432,10
9553,10
9660,10
9789,10
9816,10
9833,10
78,10
259,10
951,10
1108,10
1507,10
1658,10
1965,10
2000,10
2070,10
2603,10
2609,10
2715,10
2767,10
2912,10
2943,10
2991,10
3130,10
3532,10
3543,10
3619,10
3689,10
3691,10
3697,10
4010,10
4558,10
4568,10
4820,10
4845,10
4940,10
5515,10
5570,10
5599,10
5621,10
5624,10
5901,10
5963,10
5977,10
6178,10
6698,10
6818,10
7194,10
7199,10
7242,10
7253,10
7330,10
7482,10
7638,10
7815,10
7822,10
8046,10
8371,10
8594,10
9060,10
9177,10
9234,10
195,9
695,9
728,9
769,9
811,9
1262,9
1312,9
1329,9
1362,9
1464,9
1477,9
1570,9
1585,9
1586,9
1633,9
1716,9
1734,9
1760,9
2135,9
2198,9
2284,9
2404,9
2508,9
2572,9
2777,9
3160,9
3311,9
3369,9
3465,9
3514,9
3519,9
3801,9
4001,9
4011,9
4121,9
4168,9
4242,9
4274,9
4340,9
4346,9
4451,9
4528,9
4553,9
4714,9
4719,9
4865,9
4879,9
4897,9
5013,9
5201,9
5380,9
5466,9
5564,9
5595,9
5613,9
5708,9
5937,9
6531,9
6691,9
6841,9
6881,9
6943,9
6951,9
6996,9
7173,9
7234,9
7354,9
7521,9
7877,9
8035,9
8400,9
8481,9
8634,9
8645,9
8650,9
8687,9
8765,9
8937,9
8983,9
9128,9
9181,9
9552,9
9732,9
9747,9
9847,9
9958,9
9973,9
9395,8
9502,8
9518,8
9594,8
9736,8
9906,8
51,8
92,8
341,8
488,8
569,8
733,8
988,8
1016,8
1024,8
1117,8
1316,8
1322,8
1444,8
1562,8
1793,8
1867,8
1882,8
2149,8
2173,8
2213,8
2221,8
2222,8
2397,8
2514,8
2650,8
2658,8
2812,8
2946,8
3005,8
3060,8
3113,8
3137,8
3205,8
3224,8
3247,8
3264,8
3315,8
3411,8
3477,8
3551,8
3552,8
3618,8
3771,8
3838,8
3859,8
3896,8
3935,8
3944,8
3948,8
3955,8
4026,8
4134,8
4218,8
4603,8
4688,8
4690,8
4737,8
4904,8
4933,8
4999,8
5153,8
5185,8
5256,8
5312,8
5349,8
5357,8
5494,8
5798,8
5819,8
5915,8
5986,8
6127,8
6183,8
6370,8
6485,8
6502,8
6563,8
6585,8
6741,8
6813,8
6991,8
7056,8
7094,8
7180,8
7210,8
7274,8
7344,8
7382,8
7483,8
7499,8
7513,8
7514,8
7526,8
7548,8
7683,8
7717,8
7812,8
7844,8
7970,8
8051,8
8166,8
8169,8
8217,8
8264,8
8275,8
8296,8
8381,8
8467,8
8673,8
8700,8
8822,8
8856,8
8966,8
9007,8
9083,8
9150,8
9375,8
9386,8
15,7
200,7
272,7
299,7
312,7
383,7
554,7
617,7
727,7
840,7
1075,7
1271,7
1418,7
1652,7
1653,7
1667,7
1714,7
1764,7
1766,7
1821,7
1840,7
1941,7
2013,7
2128,7
2240,7
2301,7
2308,7
2411,7
2475,7
2497,7
2523,7
2676,7
2720,7
2840,7
2878,7
3042,7
3127,7
3135,7
3194,7
3324,7
3385,7
3474,7
3557,7
3589,7
3615,7
3735,7
3989,7
4020,7
4119,7
4177,7
4271,7
4284,7
4408,7
4413,7
4673,7
4679,7
4731,7
4815,7
5064,7
5168,7
5174,7
5175,7
5192,7
5203,7
5228,7
5471,7
5516,7
5783,7
5877,7
5947,7
6004,7
6087,7
6151,7
6195,7
6221,7
6305,7
6334,7
6397,7
6401,7
6420,7
6451,7
6453,7
6465,7
6535,7
6584,7
6792,7
6864,7
6883,7
7040,7
7050,7
7116,7
7126,7
7165,7
7189,7
7417,7
7493,7
7553,7
7656,7
7708,7
7730,7
7831,7
7842,7
7963,7
8067,7
8179,7
8224,7
8326,7
8346,7
8416,7
8600,7
8727,7
8735,7
8790,7
8792,7
8883,7
8890,7
8902,7
8959,7
9133,7
9137,7
9204,7
9265,7
9300,7
9327,7
9380,7
9436,7
9546,7
9560,7
9608,7
9641,7
9645,7
9719,7
9791,7
9429,6
9455,6
9486,6
9607,6
9672,6
9751,6
9761,6
9775,6
9841,6
9855,6
9875,6
9921,6
9934,6
9947,6
9990,6
24,6
229,6
356,6
394,6
408,6
414,6
460,6
507,6
627,6
736,6
848,6
851,6
862,6
873,6
905,6
927,6
938,6
972,6
982,6
1077,6
1092,6
1146,6
1268,6
1303,6
1308,6
1345,6
1346,6
1404,6
1549,6
1592,6
1600,6
1636,6
1664,6
1670,6
1784,6
1787,6
1814,6
1883,6
1921,6
2002,6
2028,6
2052,6
2084,6
2115,6
2192,6
2259,6
2263,6
2288,6
2292,6
2375,6
2391,6
2417,6
2421,6
2467,6
2494,6
2517,6
2528,6
2695,6
2882,6
2893,6
2944,6
2963,6
3016,6
3026,6
3066,6
3126,6
3202,6
3210,6
3212,6
3220,6
3221,6
3250,6
3257,6
3270,6
3322,6
3408,6
3440,6
3447,6
3546,6
3640,6
3663,6
3666,6
3785,6
3828,6
3851,6
3854,6
4090,6
4245,6
4412,6
4587,6
4661,6
4663,6
4666,6
4676,6
4686,6
4770,6
4787,6
4876,6
4899,6
5000,6
5007,6
5138,6
5143,6
5183,6
5319,6
5369,6
5405,6
5433,6
5436,6
5536,6
5572,6
5672,6
5710,6
5719,6
5773,6
5834,6
5898,6
5927,6
5946,6
6044,6
6057,6
6128,6
6162,6
6175,6
6253,6
6302,6
6336,6
6391,6
6398,6
6442,6
6522,6
6538,6
6674,6
6680,6
6682,6
6723,6
6780,6
6782,6
6958,6
7085,6
7170,6
7227,6
7232,6
7308,6
7419,6
7488,6
7496,6
7500,6
7538,6
7556,6
7562,6
7620,6
7782,6
7783,6
7818,6
7825,6
7833,6
7919,6
7958,6
8017,6
8056,6
8145,6
8146,6
8263,6
8420,6
8480,6
8551,6
8569,6
8598,6
8696,6
8746,6
8865,6
8866,6
8886,6
8920,6
8934,6
9086,6
9096,6
9118,6
9212,6
9241,6
9282,6
9355,6
9366,6
64,5
81,5
87,5
217,5
361,5
367,5
454,5
465,5
532,5
547,5
583,5
651,5
740,5
960,5
1119,5
1159,5
1185,5
1191,5
1244,5
1327,5
1342,5
1353,5
1373,5
1411,5
1413,5
1431,5
1461,5
1495,5
1564,5
1583,5
1836,5
1866,5
1914,5
1964,5
1994,5
2001,5
2071,5
2113,5
2116,5
2167,5
2229,5
2249,5
2271,5
2426,5
2479,5
2540,5
2656,5
2679,5
2698,5
2772,5
2791,5
2811,5
2898,5
2954,5
3029,5
3035,5
3092,5
3125,5
3204,5
3223,5
3255,5
3336,5
3450,5
3472,5
3490,5
3584,5
3597,5
3613,5
3653,5
3751,5
3765,5
3776,5
3962,5
4012,5
4143,5
4267,5
4272,5
4283,5
4417,5
4514,5
4538,5
4575,5
4625,5
4726,5
4756,5
4771,5
4793,5
4860,5
4875,5
4912,5
4923,5
4946,5
4956,5
4963,5
5052,5
5092,5
5137,5
5189,5
5195,5
5317,5
5391,5
5395,5
5397,5
5606,5
5629,5
5666,5
5789,5
5965,5
6008,5
6041,5
6108,5
6159,5
6161,5
6188,5
6237,5
6277,5
6380,5
6403,5
6416,5
6435,5
6447,5
6515,5
6604,5
6607,5
6718,5
6724,5
6740,5
6858,5
6890,5
6954,5
6966,5
6988,5
7019,5
7053,5
7092,5
7149,5
7157,5
7215,5
7250,5
7319,5
7329,5
7371,5
7389,5
7503,5
7534,5
7565,5
7662,5
7684,5
7698,5
8011,5
8013,5
8116,5
8124,5
8234,5
8239,5
8397,5
8691,5
8706,5
8794,5
8840,5
8880,5
8967,5
9023,5
9032,5
9042,5
9124,5
9195,5
9227,5
9275,5
9277,5
9353,5
9495,5
9514,5
9542,5
9548,5
9575,5
9604,5
9626,5
9792,5
9810,5
9839,5
9867,5
9431,4
9480,4
9558,4
9564,4
9619,4
9654,4
9661,4
9746,4
9750,4
9754,4
9757,4
9780,4
9851,4
9859,4
9887,4
9941,4
9984,4
4,4
97,4
111,4
232,4
261,4
303,4
305,4
339,4
420,4
430,4
436,4
449,4
477,4
498,4
501,4
633,4
654,4
702,4
709,4
773,4
854,4
856,4
864,4
880,4
892,4
935,4
990,4
1059,4
1081,4
1201,4
1245,4
1273,4
1341,4
1358,4
1383,4
1433,4
1442,4
1471,4
1504,4
1552,4
1601,4
1628,4
1630,4
1634,4
1679,4
1708,4
1722,4
1729,4
1733,4
1890,4
1892,4
1897,4
1900,4
1923,4
1942,4
1961,4
1976,4
1998,4
2019,4
2047,4
2051,4
2090,4
2112,4
2144,4
2147,4
2160,4
2187,4
2194,4
2254,4
2274,4
2372,4
2398,4
2400,4
2530,4
2537,4
2607,4
2637,4
2724,4
2810,4
2874,4
2976,4
2984,4
2992,4
3003,4
3024,4
3086,4
3102,4
3105,4
3119,4
3157,4
3173,4
3185,4
3193,4
3197,4
3229,4
3318,4
3326,4
3444,4
3501,4
3698,4
3740,4
3766,4
3777,4
3782,4
3831,4
3836,4
3877,4
3891,4
3952,4
3978,4
3982,4
3986,4
4176,4
4189,4
4428,4
4430,4
4438,4
4480,4
4584,4
4664,4
4678,4
4777,4
4861,4
4874,4
4895,4
4958,4
5002,4
5206,4
5210,4
5253,4
5404,4
5439,4
5476,4
5479,4
5541,4
5565,4
5638,4
5649,4
5658,4
5723,4
5751,4
5910,4
5929,4
5942,4
5997,4
6135,4
6153,4
6282,4
6303,4
6368,4
6379,4
6553,4
6570,4
6610,4
6651,4
6657,4
6713,4
6754,4
6777,4
6836,4
6878,4
6905,4
6941,4
6946,4
6953,4
7010,4
7037,4
7081,4
7097,4
7111,4
7112,4
7151,4
7193,4
7292,4
7323,4
7374,4
7415,4
7458,4
7491,4
7544,4
7559,4
7627,4
7646,4
7663,4
7671,4
7680,4
7707,4
7746,4
7753,4
7758,4
7834,4
7880,4
7900,4
7966,4
7991,4
8047,4
8171,4
8175,4
8223,4
8255,4
8307,4
8351,4
8456,4
8493,4
8499,4
8560,4
8570,4
8638,4
8664,4
8730,4
8905,4
8986,4
9049,4
9056,4
9081,4
9117,4
9161,4
9178,4
9215,4
9278,4
9343,4
9352,4
77,3
100,3
159,3
219,3
231,3
254,3
297,3
357,3
393,3
431,3
470,3
481,3
487,3
504,3
512,3
516,3
553,3
579,3
614,3
626,3
659,3
712,3
716,3
741,3
784,3
807,3
816,3
852,3
855,3
865,3
867,3
884,3
886,3
926,3
950,3
1030,3
1034,3
1050,3
1086,3
1090,3
1098,3
1099,3
1128,3
1174,3
1180,3
1281,3
1305,3
1401,3
1445,3
1454,3
1460,3
1478,3
1485,3
1518,3
1522,3
1567,3
1580,3
1587,3
1597,3
1642,3
1692,3
1698,3
1717,3
1741,3
1828,3
1899,3
1929,3
1953,3
2010,3
2042,3
2092,3
2107,3
2124,3
2127,3
2161,3
2170,3
2176,3
2262,3
2277,3
2282,3
2359,3
2361,3
2401,3
2436,3
2454,3
2477,3
2490,3
2524,3
2531,3
2595,3
2602,3
2621,3
2638,3
2700,3
2712,3
2739,3
2743,3
2746,3
2747,3
2753,3
2769,3
2789,3
2818,3
2828,3
2860,3
2863,3
2884,3
2885,3
2904,3
2920,3
2964,3
2996,3
2997,3
3021,3
3147,3
3165,3
3171,3
3175,3
3233,3
3265,3
3308,3
3366,3
3373,3
3386,3
3390,3
3394,3
3429,3
3432,3
3509,3
3523,3
3628,3
3676,3
3721,3
3736,3
3739,3
3754,3
3781,3
3808,3
3840,3
3856,3
3957,3
3991,3
4042,3
4075,3
4081,3
4084,3
4089,3
4094,3
4096,3
4101,3
4106,3
4147,3
4235,3
4237,3
4253,3
4268,3
4305,3
4341,3
4381,3
4418,3
4427,3
4471,3
4523,3
4642,3
4643,3
4712,3
4738,3
4743,3
4788,3
4817,3
4834,3
4841,3
4862,3
4947,3
4971,3
4988,3
5068,3
5086,3
5123,3
5139,3
5140,3
5186,3
5196,3
5197,3
5219,3
5261,3
5267,3
5275,3
5294,3
5351,3
5377,3
5381,3
5482,3
5502,3
5523,3
5525,3
5538,3
5546,3
5591,3
5617,3
5717,3
5732,3
5747,3
5759,3
5767,3
5780,3
5784,3
5803,3
5869,3
5874,3
5923,3
6007,3
6028,3
6090,3
6126,3
6142,3
6144,3
6156,3
6317,3
6332,3
6362,3
6373,3
6377,3
6431,3
6436,3
6470,3
6517,3
6554,3
6567,3
6588,3
6621,3
6646,3
6658,3
6689,3
6745,3
6746,3
6750,3
6772,3
6774,3
6795,3
6804,3
6810,3
6821,3
6884,3
6970,3
6973,3
7002,3
7074,3
7076,3
7102,3
7130,3
7206,3
7255,3
7265,3
7337,3
7390,3
7418,3
7437,3
7537,3
7547,3
7567,3
7594,3
7617,3
7652,3
7669,3
7675,3
7681,3
7723,3
7732,3
7740,3
7797,3
7802,3
7807,3
7817,3
7819,3
7850,3
7858,3
7887,3
7910,3
7929,3
7949,3
7950,3
7977,3
8053,3
8085,3
8102,3
8157,3
8177,3
8344,3
8380,3
8449,3
8459,3
8489,3
8507,3
8513,3
8540,3
8562,3
8587,3
8589,3
8595,3
8625,3
8654,3
8772,3
8773,3
8812,3
8819,3
8881,3
8909,3
8932,3
8947,3
8991,3
9003,3
9062,3
9094,3
9098,3
9099,3
9139,3
9147,3
9149,3
9165,3
9193,3
9211,3
9229,3
9240,3
9273,3
9311,3
9315,3
9359,3
9372,3
9404,3
9409,3
9442,3
9477,3
9556,3
9611,3
9643,3
9753,3
9807,3
9808,3
9907,3
9930,3
9959,3
9978,3
9988,3
9401,2
9403,2
9420,2
9422,2
9473,2
9492,2
9497,2
9501,2
9573,2
9581,2
9585,2
9598,2
9612,2
9656,2
9668,2
9683,2
9709,2
9713,2
9726,2
9731,2
9781,2
9785,2
9805,2
9849,2
9873,2
9923,2
9940,2
3,2
70,2
76,2
82,2
114,2
125,2
136,2
150,2
173,2
187,2
226,2
260,2
270,2
282,2
293,2
300,2
390,2
396,2
413,2
451,2
455,2
478,2
492,2
509,2
542,2
570,2
597,2
610,2
674,2
677,2
710,2
715,2
757,2
788,2
813,2
910,2
930,2
939,2
941,2
1036,2
1038,2
1039,2
1101,2
1171,2
1186,2
1192,2
1210,2
1212,2
1235,2
1307,2
1314,2
1332,2
1343,2
1368,2
1375,2
1396,2
1400,2
1428,2
1429,2
1436,2
1448,2
1489,2
1492,2
1521,2
1531,2
1544,2
1546,2
1555,2
1646,2
1660,2
1675,2
1683,2
1701,2
1707,2
1711,2
1725,2
1736,2
1742,2
1774,2
1789,2
1790,2
1816,2
1842,2
1871,2
1894,2
1895,2
1933,2
1963,2
1969,2
1987,2
1996,2
2008,2
2091,2
2101,2
2158,2
2197,2
2228,2
2231,2
2233,2
2238,2
2247,2
2267,2
2276,2
2290,2
2293,2
2360,2
2365,2
2367,2
2405,2
2423,2
2425,2
2433,2
2461,2
2462,2
2520,2
2536,2
2549,2
2582,2
2598,2
2623,2
2663,2
2696,2
2711,2
2755,2
2764,2
2804,2
2826,2
2829,2
2850,2
2854,2
2895,2
2907,2
2914,2
2972,2
2985,2
3022,2
3051,2
3072,2
3078,2
3099,2
3103,2
3115,2
3182,2
3184,2
3187,2
3200,2
3203,2
3206,2
3295,2
3317,2
3332,2
3358,2
3381,2
3407,2
3466,2
3478,2
3496,2
3503,2
3527,2
3536,2
3580,2
3583,2
3608,2
3638,2
3673,2
3675,2
3699,2
3701,2
3714,2
3743,2
3753,2
3760,2
3773,2
3789,2
3799,2
3806,2
3811,2
3814,2
3841,2
3867,2
3922,2
3936,2
3940,2
3956,2
3995,2
4013,2
4015,2
4059,2
4065,2
4078,2
4086,2
4129,2
4163,2
4182,2
4201,2
4217,2
4289,2
4304,2
4306,2
4369,2
4431,2
4473,2
4497,2
4504,2
4520,2
4522,2
4527,2
4532,2
4565,2
4597,2
4607,2
4609,2
4611,2
4630,2
4636,2
4651,2
4654,2
4674,2
4685,2
4742,2
4749,2
4755,2
4761,2
4767,2
4798,2
4825,2
4837,2
4853,2
4872,2
4906,2
4908,2
4911,2
4929,2
4957,2
4981,2
4990,2
4995,2
5067,2
5079,2
5090,2
5135,2
5160,2
5165,2
5202,2
5247,2
5262,2
5266,2
5270,2
5301,2
5315,2
5330,2
5344,2
5353,2
5370,2
5408,2
5461,2
5470,2
5480,2
5519,2
5526,2
5544,2
5571,2
5592,2
5642,2
5643,2
5647,2
5685,2
5727,2
5765,2
5766,2
5769,2
5804,2
5818,2
5824,2
5842,2
5843,2
5844,2
5876,2
5881,2
5909,2
5917,2
5928,2
5989,2
5999,2
6001,2
6024,2
6109,2
6121,2
6147,2
6164,2
6168,2
6200,2
6202,2
6205,2
6210,2
6219,2
6261,2
6279,2
6308,2
6339,2
6367,2
6406,2
6418,2
6441,2
6458,2
6461,2
6476,2
6497,2
6576,2
6593,2
6618,2
6623,2
6624,2
6626,2
6731,2
6790,2
6798,2
6801,2
6815,2
6835,2
6886,2
6888,2
6892,2
6934,2
6948,2
6961,2
6975,2
7004,2
7039,2
7075,2
7121,2
7132,2
7136,2
7154,2
7171,2
7216,2
7220,2
7254,2
7258,2
7262,2
7313,2
7346,2
7350,2
7388,2
7428,2
7451,2
7527,2
7579,2
7611,2
7618,2
7660,2
7722,2
7748,2
7752,2
7773,2
7779,2
7781,2
7789,2
7808,2
7848,2
7849,2
7856,2
7891,2
7915,2
7921,2
7947,2
7956,2
7969,2
7983,2
7984,2
8037,2
8038,2
8077,2
8082,2
8104,2
8105,2
8114,2
8135,2
8139,2
8159,2
8190,2
8213,2
8229,2
8257,2
8288,2
8290,2
8298,2
8331,2
8336,2
8374,2
8376,2
8388,2
8414,2
8415,2
8419,2
8438,2
8484,2
8511,2
8516,2
8520,2
8528,2
8542,2
8550,2
8582,2
8646,2
8660,2
8752,2
8787,2
8809,2
8825,2
8851,2
8870,2
8873,2
8878,2
8914,2
8930,2
8933,2
8943,2
8954,2
8956,2
8960,2
8961,2
8964,2
8987,2
9014,2
9063,2
9071,2
9106,2
9239,2
9243,2
9258,2
9260,2
9369,2
27,1
52,1
55,1
60,1
66,1
96,1
115,1
120,1
126,1
130,1
183,1
222,1
228,1
238,1
243,1
246,1
250,1
262,1
263,1
316,1
347,1
348,1
376,1
378,1
380,1
384,1
385,1
395,1
401,1
425,1
432,1
434,1
440,1
500,1
506,1
521,1
544,1
556,1
566,1
575,1
598,1
645,1
652,1
713,1
729,1
761,1
797,1
826,1
861,1
869,1
913,1
918,1
921,1
922,1
940,1
948,1
1005,1
1009,1
1023,1
1043,1
1046,1
1047,1
1053,1
1107,1
1129,1
1132,1
1187,1
1190,1
1193,1
1198,1
1231,1
1232,1
1263,1
1292,1
1298,1
1300,1
1333,1
1348,1
1363,1
1372,1
1408,1
1412,1
1420,1
1440,1
1480,1
1514,1
1543,1
1547,1
1569,1
1571,1
1602,1
1603,1
1607,1
1618,1
1629,1
1638,1
1654,1
1665,1
1696,1
1731,1
1805,1
1807,1
1824,1
1826,1
1835,1
1850,1
1855,1
1870,1
1876,1
1878,1
1891,1
1908,1
1910,1
1920,1
1925,1
1932,1
1938,1
1968,1
2043,1
2059,1
2087,1
2095,1
2105,1
2111,1
2114,1
2150,1
2175,1
2202,1
2220,1
2246,1
2261,1
2273,1
2289,1
2318,1
2323,1
2330,1
2334,1
2373,1
2428,1
2466,1
2478,1
2484,1
2544,1
2564,1
2565,1
2574,1
2585,1
2586,1
2592,1
2601,1
2615,1
2634,1
2647,1
2654,1
2667,1
2677,1
2683,1
2703,1
2741,1
2779,1
2794,1
2803,1
2852,1
2857,1
2862,1
2868,1
2909,1
2910,1
2935,1
2960,1
2979,1
2981,1
2983,1
2999,1
3013,1
3023,1
3025,1
3032,1
3158,1
3162,1
3213,1
3226,1
3228,1
3300,1
3309,1
3337,1
3377,1
3492,1
3508,1
3516,1
3548,1
3598,1
3602,1
3604,1
3614,1
3621,1
3639,1
3654,1
3684,1
3724,1
3732,1
3734,1
3746,1
3749,1
3779,1
3780,1
3813,1
3833,1
3870,1
3878,1
3879,1
3880,1
3899,1
3929,1
3950,1
3983,1
4002,1
4006,1
4019,1
4024,1
4072,1
4099,1
4112,1
4162,1
4193,1
4222,1
4227,1
4250,1
4265,1
4277,1
4278,1
4279,1
4311,1
4338,1
4343,1
4358,1
4359,1
4367,1
4372,1
4394,1
4423,1
4465,1
4487,1
4488,1
4494,1
4561,1
4579,1
4601,1
4628,1
4646,1
4662,1
4694,1
4745,1
4795,1
4814,1
4826,1
4871,1
4915,1
4920,1
4926,1
4937,1
4944,1
4984,1
5012,1
5018,1
5027,1
5032,1
5055,1
5069,1
5102,1
5112,1
5132,1
5145,1
5155,1
5190,1
5194,1
5246,1
5248,1
5283,1
5318,1
5327,1
5338,1
5343,1
5356,1
5382,1
5393,1
5410,1
5413,1
5414,1
5418,1
5422,1
5442,1
5500,1
5517,1
5520,1
5554,1
5562,1
5581,1
5582,1
5603,1
5612,1
5630,1
5652,1
5654,1
5663,1
5678,1
5687,1
5729,1
5731,1
5738,1
5739,1
5752,1
5754,1
5774,1
5778,1
5807,1
5813,1
5820,1
5821,1
5856,1
5858,1
5861,1
5862,1
5863,1
5871,1
5886,1
5974,1
5976,1
5985,1
5990,1
6015,1
6039,1
6058,1
6068,1
6091,1
6092,1
6100,1
6133,1
6181,1
6182,1
6186,1
6222,1
6276,1
6347,1
6408,1
6430,1
6511,1
6539,1
6562,1
6579,1
6581,1
6606,1
6633,1
6641,1
6660,1
6662,1
6686,1
6687,1
6695,1
6707,1
6728,1
6735,1
6736,1
6749,1
6760,1
6785,1
6806,1
6894,1
6947,1
6998,1
7051,1
7078,1
7096,1
7105,1
7115,1
7127,1
7146,1
7153,1
7208,1
7236,1
7264,1
7279,1
7286,1
7294,1
7295,1
7299,1
7333,1
7335,1
7353,1
7393,1
7427,1
7470,1
7509,1
7525,1
7532,1
7533,1
7643,1
7653,1
7689,1
7724,1
7726,1
7747,1
7794,1
7803,1
7816,1
7862,1
7879,1
7925,1
7967,1
7988,1
8002,1
8030,1
8061,1
8094,1
8110,1
8150,1
8201,1
8233,1
8245,1
8262,1
8276,1
8293,1
8297,1
8305,1
8338,1
8352,1
8353,1
8426,1
8514,1
8533,1
8552,1
8583,1
8613,1
8618,1
8636,1
8668,1
8675,1
8686,1
8690,1
8718,1
8728,1
8729,1
8754,1
8775,1
8786,1
8826,1
8830,1
8836,1
8868,1
8872,1
8896,1
8903,1
8910,1
8925,1
8944,1
8980,1
9025,1
9029,1
9034,1
9052,1
9065,1
9066,1
9078,1
9087,1
9089,1
9153,1
9160,1
9167,1
9168,1
9182,1
9192,1
9207,1
9209,1
9220,1
9236,1
9238,1
9257,1
9301,1
9302,1
9324,1
9346,1
9382,1
9398,1
9417,1
9441,1
9451,1
9464,1
9465,1
9522,1
9592,1
9635,1
9636,1
9639,1
9640,1
9647,1
9665,1
9710,1
9741,1
9743,1
9796,1
9798,1
9806,1
9834,1
9878,1
9881,1
9882,1
9890,1
9892,1
9896,1
9918,1
9924,1
9926,1
9945,1
9956,1
9961,1
9992,1
9393,NULL
9400,NULL
9402,NULL
9405,NULL
9410,NULL
9411,NULL
9412,NULL
9413,NULL
9415,NULL
9418,NULL
9419,NULL
9421,NULL
9425,NULL
9428,NULL
9433,NULL
9434,NULL
9440,NULL
9443,NULL
9444,NULL
9445,NULL
9446,NULL
9447,NULL
9449,NULL
9450,NULL
9454,NULL
9460,NULL
9462,NULL
9463,NULL
9466,NULL
9469,NULL
9470,NULL
9471,NULL
9481,NULL
9482,NULL
9484,NULL
9487,NULL
9489,NULL
9490,NULL
9491,NULL
9493,NULL
9494,NULL
9499,NULL
9504,NULL
9505,NULL
9508,NULL
9509,NULL
9510,NULL
9513,NULL
9515,NULL
9517,NULL
9520,NULL
9523,NULL
9524,NULL
9525,NULL
9526,NULL
9527,NULL
9528,NULL
9530,NULL
9531,NULL
9533,NULL
9543,NULL
9545,NULL
9547,NULL
9550,NULL
9551,NULL
9554,NULL
9561,NULL
9562,NULL
9566,NULL
9568,NULL
9571,NULL
9572,NULL
9574,NULL
9576,NULL
9578,NULL
9584,NULL
9586,NULL
9588,NULL
9591,NULL
9593,NULL
9595,NULL
9600,NULL
9601,NULL
9602,NULL
9605,NULL
9606,NULL
9614,NULL
9616,NULL
9617,NULL
9621,NULL
9622,NULL
9630,NULL
9631,NULL
9633,NULL
9634,NULL
9642,NULL
9646,NULL
9648,NULL
9650,NULL
9651,NULL
9653,NULL
9662,NULL
9663,NULL
9666,NULL
9671,NULL
9674,NULL
9676,NULL
9677,NULL
9679,NULL
9681,NULL
9684,NULL
9686,NULL
9689,NULL
9692,NULL
9693,NULL
9695,NULL
9697,NULL
9698,NULL
9699,NULL
9701,NULL
9704,NULL
9705,NULL
9706,NULL
9708,NULL
9711,NULL
9712,NULL
9717,NULL
9720,NULL
9722,NULL
9724,NULL
9728,NULL
9734,NULL
9737,NULL
9740,NULL
9744,NULL
9755,NULL
9756,NULL
9759,NULL
9760,NULL
9763,NULL
9765,NULL
9766,NULL
9768,NULL
9769,NULL
9770,NULL
9771,NULL
9773,NULL
9783,NULL
9786,NULL
9788,NULL
9790,NULL
9797,NULL
9800,NULL
9802,NULL
9804,NULL
9812,NULL
9813,NULL
9815,NULL
9817,NULL
9818,NULL
9820,NULL
9821,NULL
9824,NULL
9825,NULL
9829,NULL
9831,NULL
9832,NULL
9837,NULL
9842,NULL
9844,NULL
9845,NULL
9846,NULL
9848,NULL
9850,NULL
9852,NULL
9857,NULL
9860,NULL
9861,NULL
9863,NULL
9864,NULL
9869,NULL
9871,NULL
9872,NULL
9876,NULL
9879,NULL
9884,NULL
9885,NULL
9886,NULL
9893,NULL
9894,NULL
9897,NULL
9898,NULL
9899,NULL
9900,NULL
9901,NULL
9903,NULL
9905,NULL
9908,NULL
9909,NULL
9911,NULL
9912,NULL
9913,NULL
9915,NULL
9917,NULL
9919,NULL
9920,NULL
9925,NULL
9927,NULL
9928,NULL
9932,NULL
9933,NULL
9939,NULL
9944,NULL
9946,NULL
9948,NULL
9949,NULL
9950,NULL
9952,NULL
9954,NULL
9955,NULL
9960,NULL
9962,NULL
9964,NULL
9966,NULL
9967,NULL
9970,NULL
9972,NULL
9974,NULL
9975,NULL
9976,NULL
9977,NULL
9979,NULL
9980,NULL
9981,NULL
9983,NULL
9985,NULL
9989,NULL
9993,NULL
9994,NULL
9995,NULL
2,NULL
5,NULL
7,NULL
8,NULL
9,NULL
13,NULL
14,NULL
17,NULL
21,NULL
22,NULL
23,NULL
25,NULL
26,NULL
28,NULL
29,NULL
30,NULL
31,NULL
33,NULL
37,NULL
39,NULL
42,NULL
43,NULL
46,NULL
47,NULL
53,NULL
54,NULL
57,NULL
62,NULL
63,NULL
69,NULL
71,NULL
72,NULL
73,NULL
79,NULL
83,NULL
84,NULL
86,NULL
89,NULL
90,NULL
93,NULL
95,NULL
98,NULL
103,NULL
106,NULL
108,NULL
112,NULL
113,NULL
116,NULL
118,NULL
119,NULL
122,NULL
123,NULL
124,NULL
127,NULL
128,NULL
131,NULL
133,NULL
140,NULL
142,NULL
143,NULL
144,NULL
148,NULL
151,NULL
152,NULL
153,NULL
154,NULL
156,NULL
161,NULL
164,NULL
169,NULL
170,NULL
171,NULL
177,NULL
179,NULL
181,NULL
185,NULL
186,NULL
188,NULL
191,NULL
192,NULL
193,NULL
194,NULL
198,NULL
201,NULL
202,NULL
204,NULL
207,NULL
208,NULL
212,NULL
213,NULL
220,NULL
221,NULL
223,NULL
225,NULL
227,NULL
233,NULL
236,NULL
240,NULL
245,NULL
249,NULL
251,NULL
253,NULL
257,NULL
267,NULL
269,NULL
274,NULL
276,NULL
280,NULL
281,NULL
286,NULL
287,NULL
288,NULL
289,NULL
291,NULL
294,NULL
298,NULL
302,NULL
307,NULL
308,NULL
310,NULL
311,NULL
313,NULL
314,NULL
315,NULL
317,NULL
318,NULL
324,NULL
325,NULL
326,NULL
327,NULL
330,NULL
331,NULL
333,NULL
335,NULL
336,NULL
338,NULL
340,NULL
342,NULL
343,NULL
349,NULL
352,NULL
354,NULL
360,NULL
362,NULL
364,NULL
365,NULL
366,NULL
369,NULL
370,NULL
371,NULL
377,NULL
379,NULL
382,NULL
387,NULL
391,NULL
392,NULL
397,NULL
402,NULL
403,NULL
404,NULL
411,NULL
412,NULL
417,NULL
419,NULL
421,NULL
427,NULL
437,NULL
438,NULL
443,NULL
444,NULL
452,NULL
457,NULL
458,NULL
461,NULL
462,NULL
463,NULL
466,NULL
467,NULL
469,NULL
472,NULL
474,NULL
475,NULL
480,NULL
485,NULL
486,NULL
491,NULL
494,NULL
495,NULL
497,NULL
499,NULL
502,NULL
505,NULL
508,NULL
511,NULL
513,NULL
514,NULL
517,NULL
523,NULL
524,NULL
526,NULL
528,NULL
529,NULL
533,NULL
535,NULL
539,NULL
540,NULL
541,NULL
546,NULL
548,NULL
550,NULL
552,NULL
557,NULL
559,NULL
560,NULL
563,NULL
567,NULL
568,NULL
574,NULL
576,NULL
577,NULL
584,NULL
585,NULL
586,NULL
587,NULL
589,NULL
590,NULL
591,NULL
592,NULL
593,NULL
594,NULL
595,NULL
596,NULL
599,NULL
600,NULL
603,NULL
604,NULL
605,NULL
606,NULL
609,NULL
611,NULL
615,NULL
616,NULL
618,NULL
621,NULL
624,NULL
625,NULL
629,NULL
635,NULL
639,NULL
640,NULL
642,NULL
643,NULL
647,NULL
648,NULL
649,NULL
650,NULL
655,NULL
658,NULL
660,NULL
663,NULL
664,NULL
666,NULL
667,NULL
669,NULL
670,NULL
671,NULL
672,NULL
678,NULL
679,NULL
681,NULL
684,NULL
688,NULL
689,NULL
694,NULL
696,NULL
699,NULL
705,NULL
707,NULL
708,NULL
714,NULL
717,NULL
719,NULL
721,NULL
723,NULL
724,NULL
725,NULL
726,NULL
731,NULL
732,NULL
735,NULL
738,NULL
739,NULL
745,NULL
746,NULL
747,NULL
748,NULL
752,NULL
753,NULL
754,NULL
755,NULL
756,NULL
759,NULL
760,NULL
762,NULL
770,NULL
779,NULL
780,NULL
782,NULL
785,NULL
786,NULL
787,NULL
794,NULL
796,NULL
799,NULL
800,NULL
802,NULL
803,NULL
808,NULL
809,NULL
810,NULL
814,NULL
818,NULL
822,NULL
823,NULL
824,NULL
828,NULL
829,NULL
833,NULL
839,NULL
842,NULL
843,NULL
844,NULL
845,NULL
846,NULL
847,NULL
853,NULL
868,NULL
870,NULL
877,NULL
879,NULL
881,NULL
885,NULL
887,NULL
891,NULL
893,NULL
894,NULL
896,NULL
899,NULL
908,NULL
912,NULL
914,NULL
915,NULL
920,NULL
923,NULL
924,NULL
925,NULL
928,NULL
929,NULL
931,NULL
934,NULL
936,NULL
937,NULL
943,NULL
944,NULL
945,NULL
946,NULL
947,NULL
952,NULL
953,NULL
954,NULL
955,NULL
958,NULL
959,NULL
962,NULL
963,NULL
965,NULL
967,NULL
969,NULL
970,NULL
971,NULL
973,NULL
974,NULL
976,NULL
979,NULL
981,NULL
989,NULL
994,NULL
995,NULL
997,NULL
998,NULL
1000,NULL
1002,NULL
1003,NULL
1004,NULL
1006,NULL
1007,NULL
1010,NULL
1012,NULL
1013,NULL
1017,NULL
1021,NULL
1026,NULL
1027,NULL
1028,NULL
1029,NULL
1032,NULL
1035,NULL
1037,NULL
1040,NULL
1041,NULL
1044,NULL
1045,NULL
1048,NULL
1051,NULL
1054,NULL
1055,NULL
1057,NULL
1058,NULL
1064,NULL
1066,NULL
1068,NULL
1069,NULL
1071,NULL
1073,NULL
1078,NULL
1082,NULL
1085,NULL
1095,NULL
1100,NULL
1103,NULL
1104,NULL
1109,NULL
1111,NULL
1113,NULL
1115,NULL
1121,NULL
1122,NULL
1124,NULL
1126,NULL
1135,NULL
1137,NULL
1141,NULL
1142,NULL
1144,NULL
1149,NULL
1150,NULL
1154,NULL
1157,NULL
1158,NULL
1161,NULL
1163,NULL
1165,NULL
1168,NULL
1175,NULL
1182,NULL
1188,NULL
1194,NULL
1196,NULL
1197,NULL
1202,NULL
1207,NULL
1209,NULL
1211,NULL
1213,NULL
1217,NULL
1219,NULL
1222,NULL
1230,NULL
1236,NULL
1240,NULL
1242,NULL
1243,NULL
1246,NULL
1250,NULL
1251,NULL
1253,NULL
1255,NULL
1264,NULL
1266,NULL
1267,NULL
1270,NULL
1276,NULL
1277,NULL
1279,NULL
1280,NULL
1282,NULL
1284,NULL
1285,NULL
1286,NULL
1287,NULL
1289,NULL
1290,NULL
1293,NULL
1297,NULL
1299,NULL
1301,NULL
1304,NULL
1306,NULL
1310,NULL
1311,NULL
1315,NULL
1317,NULL
1319,NULL
1320,NULL
1324,NULL
1326,NULL
1328,NULL
1330,NULL
1338,NULL
1347,NULL
1349,NULL
1352,NULL
1354,NULL
1355,NULL
1356,NULL
1359,NULL
1361,NULL
1364,NULL
1365,NULL
1367,NULL
1370,NULL
1371,NULL
1377,NULL
1378,NULL
1382,NULL
1384,NULL
1385,NULL
1386,NULL
1387,NULL
1390,NULL
1395,NULL
1397,NULL
1398,NULL
1399,NULL
1402,NULL
1406,NULL
1407,NULL
1410,NULL
1416,NULL
1417,NULL
1423,NULL
1426,NULL
1427,NULL
1430,NULL
1432,NULL
1437,NULL
1438,NULL
1441,NULL
1446,NULL
1447,NULL
1451,NULL
1452,NULL
1457,NULL
1458,NULL
1462,NULL
1465,NULL
1470,NULL
1473,NULL
1475,NULL
1479,NULL
1481,NULL
1483,NULL
1486,NULL
1488,NULL
1490,NULL
1496,NULL
1501,NULL
1506,NULL
1511,NULL
1512,NULL
1513,NULL
1529,NULL
1530,NULL
1532,NULL
1535,NULL
1538,NULL
1542,NULL
1545,NULL
1550,NULL
1551,NULL
1554,NULL
1558,NULL
1559,NULL
1561,NULL
1563,NULL
1566,NULL
1573,NULL
1576,NULL
1578,NULL
1579,NULL
1581,NULL
1588,NULL
1591,NULL
1594,NULL
1595,NULL
1604,NULL
1605,NULL
1608,NULL
1609,NULL
1611,NULL
1612,NULL
1614,NULL
1615,NULL
1617,NULL
1619,NULL
1626,NULL
1627,NULL
1631,NULL
1635,NULL
1637,NULL
1640,NULL
1641,NULL
1645,NULL
1647,NULL
1650,NULL
1651,NULL
1656,NULL
1663,NULL
1666,NULL
1669,NULL
1671,NULL
1673,NULL
1678,NULL
1681,NULL
1685,NULL
1688,NULL
1694,NULL
1697,NULL
1699,NULL
1703,NULL
1704,NULL
1709,NULL
1712,NULL
1715,NULL
1718,NULL
1719,NULL
1720,NULL
1721,NULL
1724,NULL
1728,NULL
1730,NULL
1738,NULL
1739,NULL
1740,NULL
1744,NULL
1748,NULL
1751,NULL
1754,NULL
1755,NULL
1758,NULL
1761,NULL
1762,NULL
1769,NULL
1773,NULL
1775,NULL
1776,NULL
1777,NULL
1778,NULL
1780,NULL
1782,NULL
1788,NULL
1795,NULL
1798,NULL
1800,NULL
1803,NULL
1804,NULL
1809,NULL
1812,NULL
1813,NULL
1815,NULL
1823,NULL
1825,NULL
1833,NULL
1837,NULL
1839,NULL
1844,NULL
1845,NULL
1846,NULL
1848,NULL
1854,NULL
1856,NULL
1859,NULL
1860,NULL
1861,NULL
1863,NULL
1869,NULL
1872,NULL
1873,NULL
1877,NULL
1879,NULL
1896,NULL
1898,NULL
1904,NULL
1905,NULL
1906,NULL
1911,NULL
1912,NULL
1915,NULL
1916,NULL
1918,NULL
1922,NULL
1930,NULL
1934,NULL
1939,NULL
1944,NULL
1947,NULL
1948,NULL
1950,NULL
1952,NULL
1954,NULL
1960,NULL
1970,NULL
1972,NULL
1973,NULL
1979,NULL
1981,NULL
1983,NULL
1984,NULL
1989,NULL
1990,NULL
1997,NULL
1999,NULL
2011,NULL
2016,NULL
2020,NULL
2022,NULL
2023,NULL
2027,NULL
2029,NULL
2032,NULL
2034,NULL
2035,NULL
2036,NULL
2039,NULL
2040,NULL
2041,NULL
2048,NULL
2049,NULL
2053,NULL
2054,NULL
2056,NULL
2058,NULL
2060,NULL
2061,NULL
2062,NULL
2065,NULL
2073,NULL
2075,NULL
2077,NULL
2079,NULL
2081,NULL
2083,NULL
2086,NULL
2093,NULL
2094,NULL
2096,NULL
2097,NULL
2098,NULL
2106,NULL
2108,NULL
2110,NULL
2117,NULL
2118,NULL
2123,NULL
2126,NULL
2129,NULL
2130,NULL
2133,NULL
2140,NULL
2141,NULL
2142,NULL
2143,NULL
2145,NULL
2148,NULL
2153,NULL
2163,NULL
2164,NULL
2171,NULL
2174,NULL
2178,NULL
2179,NULL
2180,NULL
2181,NULL
2182,NULL
2184,NULL
2185,NULL
2186,NULL
2189,NULL
2190,NULL
2191,NULL
2193,NULL
2195,NULL
2201,NULL
2203,NULL
2207,NULL
2209,NULL
2211,NULL
2212,NULL
2215,NULL
2218,NULL
2219,NULL
2224,NULL
2225,NULL
2235,NULL
2236,NULL
2237,NULL
2242,NULL
2243,NULL
2244,NULL
2245,NULL
2250,NULL
2251,NULL
2253,NULL
2256,NULL
2257,NULL
2258,NULL
2264,NULL
2268,NULL
2269,NULL
2270,NULL
2272,NULL
2278,NULL
2279,NULL
2281,NULL
2291,NULL
2294,NULL
2295,NULL
2296,NULL
2297,NULL
2300,NULL
2303,NULL
2305,NULL
2307,NULL
2309,NULL
2310,NULL
2312,NULL
2314,NULL
2315,NULL
2316,NULL
2319,NULL
2324,NULL
2327,NULL
2328,NULL
2329,NULL
2332,NULL
2333,NULL
2336,NULL
2337,NULL
2338,NULL
2339,NULL
2344,NULL
2345,NULL
2346,NULL
2347,NULL
2349,NULL
2351,NULL
2352,NULL
2353,NULL
2356,NULL
2358,NULL
2362,NULL
2366,NULL
2369,NULL
2376,NULL
2377,NULL
2380,NULL
2388,NULL
2389,NULL
2395,NULL
2399,NULL
2402,NULL
2408,NULL
2410,NULL
2413,NULL
2414,NULL
2415,NULL
2418,NULL
2420,NULL
2422,NULL
2424,NULL
2427,NULL
2430,NULL
2435,NULL
2437,NULL
2438,NULL
2441,NULL
2442,NULL
2443,NULL
2444,NULL
2445,NULL
2448,NULL
2449,NULL
2451,NULL
2452,NULL
2453,NULL
2455,NULL
2458,NULL
2463,NULL
2468,NULL
2471,NULL
2476,NULL
2481,NULL
2482,NULL
2483,NULL
2485,NULL
2487,NULL
2489,NULL
2491,NULL
2495,NULL
2498,NULL
2500,NULL
2501,NULL
2504,NULL
2505,NULL
2506,NULL
2511,NULL
2513,NULL
2515,NULL
2516,NULL
2518,NULL
2519,NULL
2521,NULL
2522,NULL
2525,NULL
2526,NULL
2529,NULL
2533,NULL
2534,NULL
2535,NULL
2538,NULL
2539,NULL
2541,NULL
2542,NULL
2546,NULL
2547,NULL
2552,NULL
2554,NULL
2555,NULL
2556,NULL
2557,NULL
2560,NULL
2561,NULL
2563,NULL
2566,NULL
2567,NULL
2568,NULL
2571,NULL
2573,NULL
2577,NULL
2579,NULL
2580,NULL
2584,NULL
2587,NULL
2588,NULL
2589,NULL
2590,NULL
2596,NULL
2597,NULL
2604,NULL
2606,NULL
2608,NULL
2610,NULL
2611,NULL
2612,NULL
2617,NULL
2618,NULL
2626,NULL
2627,NULL
2629,NULL
2630,NULL
2631,NULL
2636,NULL
2639,NULL
2642,NULL
2643,NULL
2645,NULL
2648,NULL
2649,NULL
2652,NULL
2660,NULL
2661,NULL
2666,NULL
2668,NULL
2670,NULL
2671,NULL
2672,NULL
2674,NULL
2680,NULL
2682,NULL
2684,NULL
2685,NULL
2691,NULL
2692,NULL
2693,NULL
2699,NULL
2701,NULL
2704,NULL
2705,NULL
2706,NULL
2707,NULL
2710,NULL
2713,NULL
2714,NULL
2719,NULL
2721,NULL
2722,NULL
2723,NULL
2725,NULL
2726,NULL
2727,NULL
2729,NULL
2730,NULL
2731,NULL
2732,NULL
2733,NULL
2735,NULL
2736,NULL
2737,NULL
2740,NULL
2742,NULL
2745,NULL
2748,NULL
2751,NULL
2754,NULL
2756,NULL
2759,NULL
2761,NULL
2763,NULL
2765,NULL
2766,NULL
2774,NULL
2775,NULL
2778,NULL
2780,NULL
2782,NULL
2783,NULL
2786,NULL
2790,NULL
2796,NULL
2797,NULL
2798,NULL
2801,NULL
2806,NULL
2809,NULL
2815,NULL
2816,NULL
2821,NULL
2822,NULL
2824,NULL
2825,NULL
2830,NULL
2833,NULL
2834,NULL
2836,NULL
2837,NULL
2846,NULL
2847,NULL
2853,NULL
2856,NULL
2859,NULL
2864,NULL
2873,NULL
2876,NULL
2877,NULL
2881,NULL
2886,NULL
2889,NULL
2897,NULL
2899,NULL
2900,NULL
2903,NULL
2905,NULL
2906,NULL
2911,NULL
2915,NULL
2917,NULL
2918,NULL
2924,NULL
2926,NULL
2930,NULL
2932,NULL
2933,NULL
2934,NULL
2938,NULL
2940,NULL
2942,NULL
2947,NULL
2950,NULL
2955,NULL
2956,NULL
2957,NULL
2959,NULL
2966,NULL
2967,NULL
2975,NULL
2978,NULL
2982,NULL
2986,NULL
2990,NULL
2994,NULL
3000,NULL
3001,NULL
3004,NULL
3008,NULL
3009,NULL
3017,NULL
3018,NULL
3027,NULL
3031,NULL
3037,NULL
3039,NULL
3040,NULL
3041,NULL
3043,NULL
3044,NULL
3045,NULL
3047,NULL
3049,NULL
3058,NULL
3061,NULL
3063,NULL
3067,NULL
3073,NULL
3075,NULL
3079,NULL
3080,NULL
3082,NULL
3083,NULL
3088,NULL
3090,NULL
3091,NULL
3093,NULL
3095,NULL
3096,NULL
3097,NULL
3098,NULL
3100,NULL
3101,NULL
3104,NULL
3108,NULL
3109,NULL
3111,NULL
3123,NULL
3124,NULL
3133,NULL
3134,NULL
3138,NULL
3145,NULL
3146,NULL
3154,NULL
3156,NULL
3166,NULL
3169,NULL
3172,NULL
3174,NULL
3176,NULL
3180,NULL
3186,NULL
3188,NULL
3189,NULL
3195,NULL
3196,NULL
3214,NULL
3215,NULL
3225,NULL
3230,NULL
3231,NULL
3232,NULL
3235,NULL
3236,NULL
3237,NULL
3240,NULL
3244,NULL
3245,NULL
3248,NULL
3253,NULL
3254,NULL
3256,NULL
3258,NULL
3259,NULL
3261,NULL
3267,NULL
3268,NULL
3272,NULL
3275,NULL
3277,NULL
3280,NULL
3281,NULL
3283,NULL
3284,NULL
3285,NULL
3286,NULL
3291,NULL
3293,NULL
3294,NULL
3301,NULL
3303,NULL
3307,NULL
3310,NULL
3313,NULL
3314,NULL
3316,NULL
3319,NULL
3327,NULL
3328,NULL
3329,NULL
3330,NULL
3331,NULL
3335,NULL
3338,NULL
3340,NULL
3342,NULL
3344,NULL
3348,NULL
3349,NULL
3350,NULL
3352,NULL
3356,NULL
3357,NULL
3360,NULL
3362,NULL
3367,NULL
3370,NULL
3375,NULL
3378,NULL
3380,NULL
3382,NULL
3384,NULL
3387,NULL
3393,NULL
3396,NULL
3399,NULL
3400,NULL
3403,NULL
3405,NULL
3410,NULL
3412,NULL
3416,NULL
3417,NULL
3420,NULL
3421,NULL
3422,NULL
3425,NULL
3426,NULL
3428,NULL
3431,NULL
3435,NULL
3438,NULL
3439,NULL
3441,NULL
3443,NULL
3445,NULL
3446,NULL
3448,NULL
3449,NULL
3452,NULL
3457,NULL
3458,NULL
3459,NULL
3460,NULL
3461,NULL
3469,NULL
3470,NULL
3471,NULL
3476,NULL
3479,NULL
3482,NULL
3483,NULL
3484,NULL
3485,NULL
3487,NULL
3494,NULL
3497,NULL
3499,NULL
3500,NULL
3505,NULL
3506,NULL
3507,NULL
3510,NULL
3511,NULL
3512,NULL
3518,NULL
3520,NULL
3522,NULL
3524,NULL
3525,NULL
3528,NULL
3529,NULL
3533,NULL
3534,NULL
3537,NULL
3538,NULL
3539,NULL
3540,NULL
3541,NULL
3544,NULL
3549,NULL
3550,NULL
3553,NULL
3556,NULL
3561,NULL
3563,NULL
3564,NULL
3569,NULL
3571,NULL
3573,NULL
3576,NULL
3577,NULL
3578,NULL
3581,NULL
3586,NULL
3587,NULL
3591,NULL
3592,NULL
3593,NULL
3595,NULL
3599,NULL
3600,NULL
3601,NULL
3605,NULL
3609,NULL
3612,NULL
3616,NULL
3620,NULL
3622,NULL
3623,NULL
3625,NULL
3626,NULL
3631,NULL
3632,NULL
3637,NULL
3641,NULL
3645,NULL
3647,NULL
3648,NULL
3649,NULL
3650,NULL
3657,NULL
3658,NULL
3659,NULL
3660,NULL
3661,NULL
3664,NULL
3665,NULL
3670,NULL
3678,NULL
3681,NULL
3682,NULL
3683,NULL
3686,NULL
3687,NULL
3690,NULL
3694,NULL
3695,NULL
3700,NULL
3702,NULL
3706,NULL
3710,NULL
3712,NULL
3717,NULL
3720,NULL
3723,NULL
3727,NULL
3728,NULL
3729,NULL
3730,NULL
3731,NULL
3738,NULL
3742,NULL
3744,NULL
3745,NULL
3755,NULL
3757,NULL
3761,NULL
3763,NULL
3767,NULL
3775,NULL
3778,NULL
3783,NULL
3784,NULL
3787,NULL
3791,NULL
3792,NULL
3795,NULL
3796,NULL
3797,NULL
3802,NULL
3803,NULL
3805,NULL
3807,NULL
3815,NULL
3819,NULL
3820,NULL
3821,NULL
3823,NULL
3824,NULL
3825,NULL
3826,NULL
3827,NULL
3829,NULL
3832,NULL
3834,NULL
3837,NULL
3842,NULL
3844,NULL
3845,NULL
3849,NULL
3850,NULL
3852,NULL
3855,NULL
3861,NULL
3863,NULL
3866,NULL
3869,NULL
3871,NULL
3872,NULL
3873,NULL
3875,NULL
3876,NULL
3882,NULL
3883,NULL
3884,NULL
3885,NULL
3886,NULL
3889,NULL
3890,NULL
3893,NULL
3894,NULL
3895,NULL
3901,NULL
3903,NULL
3904,NULL
3905,NULL
3909,NULL
3910,NULL
3911,NULL
3912,NULL
3916,NULL
3918,NULL
3919,NULL
3920,NULL
3923,NULL
3931,NULL
3932,NULL
3934,NULL
3937,NULL
3938,NULL
3946,NULL
3949,NULL
3951,NULL
3953,NULL
3958,NULL
3960,NULL
3964,NULL
3965,NULL
3967,NULL
3968,NULL
3969,NULL
3971,NULL
3975,NULL
3977,NULL
3980,NULL
3987,NULL
3993,NULL
3996,NULL
3998,NULL
3999,NULL
4003,NULL
4004,NULL
4016,NULL
4018,NULL
4023,NULL
4025,NULL
4028,NULL
4031,NULL
4032,NULL
4035,NULL
4036,NULL
4037,NULL
4046,NULL
4047,NULL
4051,NULL
4053,NULL
4054,NULL
4055,NULL
4060,NULL
4061,NULL
4068,NULL
4069,NULL
4070,NULL
4071,NULL
4074,NULL
4076,NULL
4079,NULL
4080,NULL
4087,NULL
4088,NULL
4092,NULL
4093,NULL
4103,NULL
4105,NULL
4108,NULL
4110,NULL
4114,NULL
4115,NULL
4120,NULL
4122,NULL
4123,NULL
4124,NULL
4125,NULL
4126,NULL
4127,NULL
4128,NULL
4131,NULL
4133,NULL
4135,NULL
4139,NULL
4140,NULL
4145,NULL
4149,NULL
4150,NULL
4151,NULL
4152,NULL
4153,NULL
4155,NULL
4156,NULL
4157,NULL
4158,NULL
4159,NULL
4160,NULL
4164,NULL
4165,NULL
4171,NULL
4172,NULL
4174,NULL
4183,NULL
4184,NULL
4186,NULL
4187,NULL
4188,NULL
4190,NULL
4192,NULL
4194,NULL
4195,NULL
4197,NULL
4199,NULL
4202,NULL
4205,NULL
4208,NULL
4209,NULL
4210,NULL
4211,NULL
4212,NULL
4213,NULL
4216,NULL
4219,NULL
4221,NULL
4231,NULL
4232,NULL
4240,NULL
4249,NULL
4256,NULL
4257,NULL
4258,NULL
4259,NULL
4263,NULL
4270,NULL
4275,NULL
4276,NULL
4281,NULL
4282,NULL
4288,NULL
4298,NULL
4300,NULL
4309,NULL
4310,NULL
4313,NULL
4318,NULL
4323,NULL
4325,NULL
4328,NULL
4332,NULL
4333,NULL
4334,NULL
4335,NULL
4339,NULL
4342,NULL
4344,NULL
4347,NULL
4348,NULL
4351,NULL
4353,NULL
4354,NULL
4355,NULL
4356,NULL
4361,NULL
4364,NULL
4373,NULL
4375,NULL
4382,NULL
4384,NULL
4385,NULL
4387,NULL
4388,NULL
4390,NULL
4393,NULL
4395,NULL
4396,NULL
4397,NULL
4399,NULL
4400,NULL
4402,NULL
4406,NULL
4411,NULL
4415,NULL
4416,NULL
4420,NULL
4425,NULL
4426,NULL
4433,NULL
4434,NULL
4435,NULL
4436,NULL
4437,NULL
4441,NULL
4446,NULL
4447,NULL
4450,NULL
4453,NULL
4455,NULL
4458,NULL
4459,NULL
4461,NULL
4462,NULL
4464,NULL
4469,NULL
4472,NULL
4475,NULL
4477,NULL
4482,NULL
4483,NULL
4484,NULL
4486,NULL
4491,NULL
4492,NULL
4493,NULL
4495,NULL
4496,NULL
4498,NULL
4503,NULL
4506,NULL
4509,NULL
4511,NULL
4513,NULL
4516,NULL
4519,NULL
4521,NULL
4526,NULL
4529,NULL
4531,NULL
4533,NULL
4534,NULL
4535,NULL
4537,NULL
4539,NULL
4540,NULL
4541,NULL
4544,NULL
4546,NULL
4547,NULL
4548,NULL
4549,NULL
4550,NULL
4551,NULL
4552,NULL
4554,NULL
4555,NULL
4556,NULL
4559,NULL
4560,NULL
4563,NULL
4564,NULL
4567,NULL
4578,NULL
4581,NULL
4586,NULL
4588,NULL
4589,NULL
4590,NULL
4594,NULL
4595,NULL
4596,NULL
4598,NULL
4599,NULL
4600,NULL
4604,NULL
4613,NULL
4614,NULL
4617,NULL
4620,NULL
4622,NULL
4624,NULL
4627,NULL
4631,NULL
4632,NULL
4633,NULL
4634,NULL
4635,NULL
4637,NULL
4638,NULL
4645,NULL
4650,NULL
4652,NULL
4657,NULL
4658,NULL
4660,NULL
4665,NULL
4667,NULL
4668,NULL
4670,NULL
4672,NULL
4680,NULL
4681,NULL
4682,NULL
4684,NULL
4687,NULL
4689,NULL
4691,NULL
4696,NULL
4698,NULL
4699,NULL
4700,NULL
4701,NULL
4702,NULL
4706,NULL
4707,NULL
4708,NULL
4709,NULL
4713,NULL
4715,NULL
4716,NULL
4721,NULL
4723,NULL
4727,NULL
4733,NULL
4735,NULL
4740,NULL
4744,NULL
4747,NULL
4748,NULL
4751,NULL
4753,NULL
4754,NULL
4758,NULL
4762,NULL
4764,NULL
4765,NULL
4768,NULL
4769,NULL
4772,NULL
4775,NULL
4779,NULL
4780,NULL
4782,NULL
4783,NULL
4784,NULL
4786,NULL
4789,NULL
4790,NULL
4792,NULL
4797,NULL
4803,NULL
4806,NULL
4811,NULL
4816,NULL
4823,NULL
4835,NULL
4838,NULL
4839,NULL
4843,NULL
4850,NULL
4854,NULL
4856,NULL
4857,NULL
4858,NULL
4884,NULL
4887,NULL
4889,NULL
4893,NULL
4894,NULL
4896,NULL
4898,NULL
4902,NULL
4903,NULL
4905,NULL
4909,NULL
4910,NULL
4913,NULL
4917,NULL
4922,NULL
4928,NULL
4931,NULL
4936,NULL
4939,NULL
4941,NULL
4942,NULL
4943,NULL
4945,NULL
4948,NULL
4951,NULL
4965,NULL
4966,NULL
4969,NULL
4973,NULL
4976,NULL
4977,NULL
4978,NULL
4983,NULL
4985,NULL
4987,NULL
4989,NULL
4996,NULL
4997,NULL
5001,NULL
5004,NULL
5005,NULL
5009,NULL
5010,NULL
5011,NULL
5014,NULL
5016,NULL
5017,NULL
5019,NULL
5020,NULL
5022,NULL
5023,NULL
5025,NULL
5026,NULL
5029,NULL
5030,NULL
5031,NULL
5033,NULL
5034,NULL
5036,NULL
5038,NULL
5040,NULL
5045,NULL
5046,NULL
5047,NULL
5048,NULL
5049,NULL
5057,NULL
5060,NULL
5061,NULL
5062,NULL
5070,NULL
5073,NULL
5074,NULL
5075,NULL
5077,NULL
5080,NULL
5081,NULL
5082,NULL
5084,NULL
5089,NULL
5091,NULL
5093,NULL
5094,NULL
5096,NULL
5097,NULL
5099,NULL
5100,NULL
5106,NULL
5107,NULL
5109,NULL
5110,NULL
5111,NULL
5113,NULL
5117,NULL
5118,NULL
5119,NULL
5124,NULL
5125,NULL
5126,NULL
5127,NULL
5133,NULL
5134,NULL
5142,NULL
5148,NULL
5154,NULL
5157,NULL
5162,NULL
5166,NULL
5167,NULL
5172,NULL
5173,NULL
5179,NULL
5182,NULL
5188,NULL
5191,NULL
5198,NULL
5199,NULL
5200,NULL
5205,NULL
5208,NULL
5209,NULL
5212,NULL
5213,NULL
5214,NULL
5216,NULL
5223,NULL
5224,NULL
5225,NULL
5233,NULL
5235,NULL
5237,NULL
5238,NULL
5240,NULL
5241,NULL
5243,NULL
5245,NULL
5249,NULL
5250,NULL
5254,NULL
5258,NULL
5259,NULL
5263,NULL
5265,NULL
5269,NULL
5272,NULL
5277,NULL
5280,NULL
5281,NULL
5285,NULL
5286,NULL
5287,NULL
5292,NULL
5296,NULL
5298,NULL
5303,NULL
5304,NULL
5306,NULL
5307,NULL
5308,NULL
5310,NULL
5311,NULL
5313,NULL
5314,NULL
5321,NULL
5325,NULL
5326,NULL
5328,NULL
5329,NULL
5331,NULL
5333,NULL
5336,NULL
5340,NULL
5341,NULL
5342,NULL
5347,NULL
5352,NULL
5360,NULL
5361,NULL
5362,NULL
5363,NULL
5364,NULL
5367,NULL
5368,NULL
5372,NULL
5373,NULL
5375,NULL
5387,NULL
5394,NULL
5396,NULL
5399,NULL
5400,NULL
5403,NULL
5411,NULL
5412,NULL
5415,NULL
5416,NULL
5421,NULL
5423,NULL
5425,NULL
5427,NULL
5428,NULL
5431,NULL
5435,NULL
5443,NULL
5445,NULL
5446,NULL
5447,NULL
5451,NULL
5452,NULL
5453,NULL
5454,NULL
5455,NULL
5456,NULL
5457,NULL
5458,NULL
5459,NULL
5460,NULL
5473,NULL
5481,NULL
5483,NULL
5491,NULL
5492,NULL
5496,NULL
5497,NULL
5501,NULL
5503,NULL
5505,NULL
5507,NULL
5509,NULL
5511,NULL
5514,NULL
5518,NULL
5522,NULL
5530,NULL
5531,NULL
5533,NULL
5535,NULL
5542,NULL
5548,NULL
5549,NULL
5550,NULL
5553,NULL
5555,NULL
5566,NULL
5567,NULL
5568,NULL
5576,NULL
5577,NULL
5580,NULL
5583,NULL
5587,NULL
5597,NULL
5601,NULL
5602,NULL
5609,NULL
5619,NULL
5622,NULL
5628,NULL
5631,NULL
5633,NULL
5639,NULL
5644,NULL
5651,NULL
5657,NULL
5662,NULL
5664,NULL
5665,NULL
5667,NULL
5669,NULL
5670,NULL
5677,NULL
5679,NULL
5681,NULL
5683,NULL
5686,NULL
5688,NULL
5690,NULL
5691,NULL
5692,NULL
5693,NULL
5696,NULL
5698,NULL
5699,NULL
5700,NULL
5707,NULL
5709,NULL
5711,NULL
5714,NULL
5716,NULL
5718,NULL
5720,NULL
5722,NULL
5724,NULL
5726,NULL
5728,NULL
5733,NULL
5734,NULL
5736,NULL
5741,NULL
5745,NULL
5749,NULL
5750,NULL
5756,NULL
5761,NULL
5762,NULL
5764,NULL
5770,NULL
5775,NULL
5779,NULL
5782,NULL
5785,NULL
5790,NULL
5791,NULL
5792,NULL
5793,NULL
5796,NULL
5800,NULL
5802,NULL
5805,NULL
5806,NULL
5809,NULL
5810,NULL
5812,NULL
5814,NULL
5815,NULL
5816,NULL
5822,NULL
5823,NULL
5831,NULL
5833,NULL
5837,NULL
5838,NULL
5841,NULL
5847,NULL
5848,NULL
5849,NULL
5850,NULL
5857,NULL
5864,NULL
5870,NULL
5873,NULL
5875,NULL
5884,NULL
5887,NULL
5888,NULL
5889,NULL
5890,NULL
5891,NULL
5892,NULL
5896,NULL
5900,NULL
5902,NULL
5907,NULL
5911,NULL
5913,NULL
5914,NULL
5916,NULL
5918,NULL
5925,NULL
5932,NULL
5934,NULL
5936,NULL
5939,NULL
5945,NULL
5954,NULL
5958,NULL
5966,NULL
5967,NULL
5968,NULL
5969,NULL
5970,NULL
5978,NULL
5979,NULL
5980,NULL
5983,NULL
5992,NULL
6005,NULL
6009,NULL
6010,NULL
6011,NULL
6013,NULL
6016,NULL
6019,NULL
6020,NULL
6021,NULL
6022,NULL
6025,NULL
6026,NULL
6027,NULL
6032,NULL
6033,NULL
6035,NULL
6037,NULL
6040,NULL
6045,NULL
6047,NULL
6048,NULL
6049,NULL
6050,NULL
6055,NULL
6056,NULL
6061,NULL
6063,NULL
6064,NULL
6065,NULL
6067,NULL
6070,NULL
6071,NULL
6075,NULL
6077,NULL
6078,NULL
6080,NULL
6082,NULL
6084,NULL
6085,NULL
6086,NULL
6094,NULL
6096,NULL
6101,NULL
6102,NULL
6103,NULL
6105,NULL
6106,NULL
6107,NULL
6113,NULL
6114,NULL
6116,NULL
6117,NULL
6120,NULL
6129,NULL
6130,NULL
6131,NULL
6137,NULL
6138,NULL
6141,NULL
6145,NULL
6149,NULL
6152,NULL
6154,NULL
6157,NULL
6158,NULL
6160,NULL
6163,NULL
6165,NULL
6166,NULL
6172,NULL
6174,NULL
6177,NULL
6179,NULL
6184,NULL
6187,NULL
6191,NULL
6196,NULL
6199,NULL
6201,NULL
6207,NULL
6208,NULL
6211,NULL
6212,NULL
6214,NULL
6216,NULL
6217,NULL
6218,NULL
6228,NULL
6229,NULL
6230,NULL
6233,NULL
6235,NULL
6239,NULL
6243,NULL
6246,NULL
6248,NULL
6249,NULL
6255,NULL
6256,NULL
6260,NULL
6263,NULL
6264,NULL
6265,NULL
6267,NULL
6269,NULL
6271,NULL
6272,NULL
6278,NULL
6283,NULL
6285,NULL
6287,NULL
6288,NULL
6289,NULL
6291,NULL
6292,NULL
6294,NULL
6295,NULL
6297,NULL
6299,NULL
6300,NULL
6304,NULL
6309,NULL
6310,NULL
6311,NULL
6314,NULL
6315,NULL
6316,NULL
6320,NULL
6322,NULL
6324,NULL
6325,NULL
6326,NULL
6327,NULL
6330,NULL
6338,NULL
6340,NULL
6342,NULL
6346,NULL
6350,NULL
6351,NULL
6356,NULL
6357,NULL
6361,NULL
6363,NULL
6364,NULL
6365,NULL
6366,NULL
6369,NULL
6371,NULL
6372,NULL
6374,NULL
6375,NULL
6381,NULL
6382,NULL
6383,NULL
6384,NULL
6389,NULL
6390,NULL
6393,NULL
6394,NULL
6405,NULL
6407,NULL
6410,NULL
6411,NULL
6412,NULL
6413,NULL
6419,NULL
6421,NULL
6422,NULL
6423,NULL
6427,NULL
6432,NULL
6440,NULL
6444,NULL
6450,NULL
6454,NULL
6456,NULL
6459,NULL
6460,NULL
6463,NULL
6464,NULL
6466,NULL
6467,NULL
6468,NULL
6469,NULL
6471,NULL
6472,NULL
6474,NULL
6475,NULL
6477,NULL
6478,NULL
6479,NULL
6482,NULL
6483,NULL
6484,NULL
6486,NULL
6487,NULL
6488,NULL
6489,NULL
6490,NULL
6499,NULL
6500,NULL
6504,NULL
6505,NULL
6509,NULL
6510,NULL
6513,NULL
6516,NULL
6520,NULL
6523,NULL
6526,NULL
6528,NULL
6529,NULL
6530,NULL
6537,NULL
6541,NULL
6542,NULL
6544,NULL
6545,NULL
6546,NULL
6548,NULL
6551,NULL
6552,NULL
6555,NULL
6557,NULL
6559,NULL
6560,NULL
6565,NULL
6569,NULL
6573,NULL
6574,NULL
6580,NULL
6586,NULL
6589,NULL
6592,NULL
6594,NULL
6596,NULL
6601,NULL
6603,NULL
6605,NULL
6608,NULL
6609,NULL
6611,NULL
6612,NULL
6614,NULL
6615,NULL
6616,NULL
6619,NULL
6620,NULL
6628,NULL
6629,NULL
6634,NULL
6635,NULL
6637,NULL
6642,NULL
6643,NULL
6644,NULL
6647,NULL
6649,NULL
6655,NULL
6667,NULL
6670,NULL
6683,NULL
6684,NULL
6685,NULL
6690,NULL
6696,NULL
6699,NULL
6702,NULL
6705,NULL
6708,NULL
6710,NULL
6715,NULL
6716,NULL
6717,NULL
6719,NULL
6720,NULL
6721,NULL
6722,NULL
6725,NULL
6726,NULL
6733,NULL
6734,NULL
6738,NULL
6742,NULL
6743,NULL
6747,NULL
6751,NULL
6752,NULL
6755,NULL
6758,NULL
6759,NULL
6761,NULL
6762,NULL
6765,NULL
6767,NULL
6768,NULL
6770,NULL
6773,NULL
6778,NULL
6783,NULL
6786,NULL
6789,NULL
6793,NULL
6794,NULL
6797,NULL
6799,NULL
6803,NULL
6807,NULL
6808,NULL
6811,NULL
6814,NULL
6817,NULL
6820,NULL
6822,NULL
6823,NULL
6824,NULL
6825,NULL
6827,NULL
6830,NULL
6834,NULL
6837,NULL
6838,NULL
6845,NULL
6847,NULL
6848,NULL
6852,NULL
6857,NULL
6859,NULL
6861,NULL
6862,NULL
6863,NULL
6866,NULL
6867,NULL
6869,NULL
6870,NULL
6872,NULL
6873,NULL
6874,NULL
6877,NULL
6879,NULL
6882,NULL
6885,NULL
6887,NULL
6889,NULL
6897,NULL
6900,NULL
6904,NULL
6911,NULL
6913,NULL
6915,NULL
6918,NULL
6922,NULL
6925,NULL
6926,NULL
6929,NULL
6931,NULL
6933,NULL
6935,NULL
6936,NULL
6938,NULL
6940,NULL
6942,NULL
6944,NULL
6950,NULL
6952,NULL
6955,NULL
6959,NULL
6960,NULL
6965,NULL
6968,NULL
6971,NULL
6979,NULL
6980,NULL
6984,NULL
6985,NULL
6987,NULL
6993,NULL
6994,NULL
6995,NULL
6999,NULL
7000,NULL
7005,NULL
7006,NULL
7008,NULL
7011,NULL
7020,NULL
7021,NULL
7023,NULL
7025,NULL
7026,NULL
7028,NULL
7031,NULL
7034,NULL
7035,NULL
7038,NULL
7042,NULL
7047,NULL
7055,NULL
7057,NULL
7058,NULL
7059,NULL
7060,NULL
7061,NULL
7064,NULL
7066,NULL
7068,NULL
7070,NULL
7073,NULL
7079,NULL
7082,NULL
7083,NULL
7084,NULL
7086,NULL
7093,NULL
7095,NULL
7098,NULL
7101,NULL
7106,NULL
7109,NULL
7113,NULL
7117,NULL
7118,NULL
7120,NULL
7122,NULL
7129,NULL
7131,NULL
7134,NULL
7139,NULL
7140,NULL
7142,NULL
7143,NULL
7144,NULL
7145,NULL
7148,NULL
7150,NULL
7152,NULL
7155,NULL
7156,NULL
7159,NULL
7162,NULL
7163,NULL
7164,NULL
7168,NULL
7169,NULL
7172,NULL
7174,NULL
7175,NULL
7179,NULL
7184,NULL
7186,NULL
7187,NULL
7188,NULL
7190,NULL
7200,NULL
7202,NULL
7203,NULL
7204,NULL
7205,NULL
7211,NULL
7214,NULL
7222,NULL
7224,NULL
7226,NULL
7228,NULL
7230,NULL
7231,NULL
7238,NULL
7240,NULL
7241,NULL
7245,NULL
7252,NULL
7257,NULL
7259,NULL
7260,NULL
7266,NULL
7270,NULL
7271,NULL
7276,NULL
7277,NULL
7278,NULL
7280,NULL
7281,NULL
7282,NULL
7283,NULL
7285,NULL
7287,NULL
7288,NULL
7290,NULL
7291,NULL
7293,NULL
7302,NULL
7303,NULL
7304,NULL
7305,NULL
7306,NULL
7312,NULL
7316,NULL
7318,NULL
7320,NULL
7322,NULL
7324,NULL
7326,NULL
7327,NULL
7331,NULL
7334,NULL
7340,NULL
7343,NULL
7345,NULL
7348,NULL
7351,NULL
7355,NULL
7356,NULL
7357,NULL
7362,NULL
7363,NULL
7367,NULL
7375,NULL
7380,NULL
7381,NULL
7383,NULL
7386,NULL
7394,NULL
7397,NULL
7398,NULL
7400,NULL
7403,NULL
7405,NULL
7406,NULL
7409,NULL
7411,NULL
7412,NULL
7413,NULL
7416,NULL
7421,NULL
7423,NULL
7424,NULL
7426,NULL
7430,NULL
7436,NULL
7438,NULL
7440,NULL
7441,NULL
7442,NULL
7443,NULL
7445,NULL
7446,NULL
7450,NULL
7454,NULL
7455,NULL
7462,NULL
7464,NULL
7465,NULL
7467,NULL
7473,NULL
7475,NULL
7477,NULL
7478,NULL
7479,NULL
7485,NULL
7486,NULL
7489,NULL
7492,NULL
7494,NULL
7495,NULL
7497,NULL
7498,NULL
7504,NULL
7506,NULL
7507,NULL
7508,NULL
7511,NULL
7512,NULL
7515,NULL
7517,NULL
7518,NULL
7519,NULL
7520,NULL
7523,NULL
7524,NULL
7530,NULL
7531,NULL
7535,NULL
7539,NULL
7541,NULL
7542,NULL
7543,NULL
7546,NULL
7550,NULL
7554,NULL
7557,NULL
7558,NULL
7563,NULL
7564,NULL
7566,NULL
7572,NULL
7573,NULL
7575,NULL
7577,NULL
7580,NULL
7582,NULL
7583,NULL
7584,NULL
7585,NULL
7586,NULL
7589,NULL
7590,NULL
7591,NULL
7593,NULL
7595,NULL
7597,NULL
7604,NULL
7606,NULL
7607,NULL
7608,NULL
7609,NULL
7613,NULL
7615,NULL
7621,NULL
7625,NULL
7626,NULL
7628,NULL
7630,NULL
7631,NULL
7633,NULL
7634,NULL
7636,NULL
7637,NULL
7639,NULL
7641,NULL
7647,NULL
7655,NULL
7657,NULL
7658,NULL
7659,NULL
7664,NULL
7665,NULL
7666,NULL
7667,NULL
7670,NULL
7674,NULL
7678,NULL
7688,NULL
7690,NULL
7691,NULL
7692,NULL
7693,NULL
7695,NULL
7696,NULL
7697,NULL
7699,NULL
7701,NULL
7702,NULL
7706,NULL
7712,NULL
7714,NULL
7716,NULL
7718,NULL
7719,NULL
7721,NULL
7725,NULL
7728,NULL
7733,NULL
7735,NULL
7736,NULL
7738,NULL
7743,NULL
7744,NULL
7750,NULL
7751,NULL
7754,NULL
7755,NULL
7756,NULL
7760,NULL
7762,NULL
7763,NULL
7765,NULL
7767,NULL
7768,NULL
7769,NULL
7770,NULL
7772,NULL
7777,NULL
7778,NULL
7788,NULL
7792,NULL
7793,NULL
7795,NULL
7798,NULL
7799,NULL
7800,NULL
7801,NULL
7804,NULL
7805,NULL
7810,NULL
7813,NULL
7820,NULL
7823,NULL
7826,NULL
7827,NULL
7829,NULL
7830,NULL
7832,NULL
7835,NULL
7836,NULL
7837,NULL
7838,NULL
7839,NULL
7840,NULL
7841,NULL
7843,NULL
7846,NULL
7852,NULL
7853,NULL
7854,NULL
7855,NULL
7861,NULL
7863,NULL
7867,NULL
7868,NULL
7870,NULL
7873,NULL
7874,NULL
7875,NULL
7884,NULL
7885,NULL
7892,NULL
7893,NULL
7895,NULL
7901,NULL
7904,NULL
7905,NULL
7906,NULL
7908,NULL
7911,NULL
7912,NULL
7913,NULL
7914,NULL
7923,NULL
7930,NULL
7932,NULL
7933,NULL
7934,NULL
7935,NULL
7936,NULL
7937,NULL
7938,NULL
7942,NULL
7943,NULL
7945,NULL
7946,NULL
7948,NULL
7952,NULL
7954,NULL
7955,NULL
7959,NULL
7960,NULL
7962,NULL
7965,NULL
7973,NULL
7976,NULL
7979,NULL
7981,NULL
7985,NULL
7986,NULL
7990,NULL
7993,NULL
7994,NULL
7995,NULL
7997,NULL
7998,NULL
8000,NULL
8003,NULL
8005,NULL
8006,NULL
8007,NULL
8009,NULL
8020,NULL
8023,NULL
8025,NULL
8027,NULL
8031,NULL
8032,NULL
8033,NULL
8042,NULL
8048,NULL
8050,NULL
8052,NULL
8057,NULL
8060,NULL
8062,NULL
8063,NULL
8064,NULL
8065,NULL
8069,NULL
8073,NULL
8076,NULL
8081,NULL
8091,NULL
8092,NULL
8098,NULL
8100,NULL
8101,NULL
8106,NULL
8111,NULL
8112,NULL
8113,NULL
8117,NULL
8119,NULL
8121,NULL
8129,NULL
8130,NULL
8131,NULL
8132,NULL
8133,NULL
8137,NULL
8141,NULL
8147,NULL
8149,NULL
8152,NULL
8154,NULL
8155,NULL
8156,NULL
8160,NULL
8161,NULL
8162,NULL
8163,NULL
8167,NULL
8172,NULL
8176,NULL
8181,NULL
8192,NULL
8196,NULL
8198,NULL
8199,NULL
8200,NULL
8202,NULL
8204,NULL
8207,NULL
8208,NULL
8209,NULL
8210,NULL
8212,NULL
8216,NULL
8218,NULL
8219,NULL
8220,NULL
8222,NULL
8225,NULL
8226,NULL
8227,NULL
8228,NULL
8232,NULL
8235,NULL
8236,NULL
8238,NULL
8243,NULL
8248,NULL
8249,NULL
8250,NULL
8251,NULL
8252,NULL
8253,NULL
8254,NULL
8256,NULL
8258,NULL
8260,NULL
8261,NULL
8265,NULL
8266,NULL
8269,NULL
8270,NULL
8272,NULL
8274,NULL
8277,NULL
8278,NULL
8279,NULL
8281,NULL
8282,NULL
8283,NULL
8284,NULL
8289,NULL
8295,NULL
8300,NULL
8302,NULL
8306,NULL
8308,NULL
8309,NULL
8310,NULL
8312,NULL
8323,NULL
8329,NULL
8333,NULL
8335,NULL
8339,NULL
8340,NULL
8342,NULL
8343,NULL
8345,NULL
8355,NULL
8357,NULL
8360,NULL
8363,NULL
8364,NULL
8367,NULL
8368,NULL
8369,NULL
8370,NULL
8372,NULL
8373,NULL
8377,NULL
8378,NULL
8385,NULL
8387,NULL
8390,NULL
8391,NULL
8392,NULL
8393,NULL
8396,NULL
8399,NULL
8401,NULL
8402,NULL
8403,NULL
8405,NULL
8406,NULL
8409,NULL
8410,NULL
8412,NULL
8418,NULL
8423,NULL
8425,NULL
8427,NULL
8429,NULL
8430,NULL
8431,NULL
8432,NULL
8433,NULL
8434,NULL
8436,NULL
8442,NULL
8443,NULL
8445,NULL
8448,NULL
8450,NULL
8451,NULL
8452,NULL
8455,NULL
8460,NULL
8461,NULL
8466,NULL
8468,NULL
8469,NULL
8470,NULL
8482,NULL
8483,NULL
8485,NULL
8486,NULL
8487,NULL
8490,NULL
8492,NULL
8494,NULL
8495,NULL
8496,NULL
8497,NULL
8498,NULL
8500,NULL
8506,NULL
8508,NULL
8523,NULL
8524,NULL
8531,NULL
8532,NULL
8535,NULL
8538,NULL
8541,NULL
8547,NULL
8549,NULL
8553,NULL
8555,NULL
8556,NULL
8563,NULL
8565,NULL
8568,NULL
8571,NULL
8575,NULL
8580,NULL
8593,NULL
8597,NULL
8599,NULL
8602,NULL
8604,NULL
8608,NULL
8609,NULL
8610,NULL
8612,NULL
8614,NULL
8615,NULL
8619,NULL
8621,NULL
8622,NULL
8623,NULL
8626,NULL
8627,NULL
8628,NULL
8629,NULL
8630,NULL
8633,NULL
8637,NULL
8640,NULL
8643,NULL
8644,NULL
8647,NULL
8653,NULL
8655,NULL
8657,NULL
8662,NULL
8663,NULL
8667,NULL
8672,NULL
8674,NULL
8676,NULL
8679,NULL
8682,NULL
8683,NULL
8685,NULL
8688,NULL
8694,NULL
8705,NULL
8709,NULL
8710,NULL
8712,NULL
8715,NULL
8716,NULL
8719,NULL
8721,NULL
8722,NULL
8723,NULL
8725,NULL
8726,NULL
8732,NULL
8736,NULL
8742,NULL
8743,NULL
8745,NULL
8747,NULL
8750,NULL
8751,NULL
8756,NULL
8757,NULL
8758,NULL
8759,NULL
8763,NULL
8767,NULL
8771,NULL
8774,NULL
8777,NULL
8780,NULL
8781,NULL
8784,NULL
8785,NULL
8795,NULL
8801,NULL
8803,NULL
8804,NULL
8806,NULL
8811,NULL
8814,NULL
8815,NULL
8816,NULL
8817,NULL
8818,NULL
8820,NULL
8821,NULL
8823,NULL
8824,NULL
8827,NULL
8829,NULL
8831,NULL
8833,NULL
8839,NULL
8847,NULL
8848,NULL
8849,NULL
8852,NULL
8855,NULL
8858,NULL
8859,NULL
8860,NULL
8862,NULL
8863,NULL
8871,NULL
8876,NULL
8877,NULL
8879,NULL
8884,NULL
8887,NULL
8888,NULL
8889,NULL
8892,NULL
8895,NULL
8898,NULL
8899,NULL
8908,NULL
8912,NULL
8915,NULL
8918,NULL
8921,NULL
8924,NULL
8926,NULL
8931,NULL
8938,NULL
8939,NULL
8942,NULL
8945,NULL
8950,NULL
8951,NULL
8952,NULL
8957,NULL
8963,NULL
8968,NULL
8969,NULL
8972,NULL
8975,NULL
8977,NULL
8978,NULL
8979,NULL
8984,NULL
8988,NULL
8989,NULL
8992,NULL
8995,NULL
8998,NULL
9004,NULL
9005,NULL
9010,NULL
9013,NULL
9015,NULL
9018,NULL
9019,NULL
9030,NULL
9031,NULL
9035,NULL
9037,NULL
9038,NULL
9039,NULL
9040,NULL
9045,NULL
9047,NULL
9050,NULL
9053,NULL
9054,NULL
9055,NULL
9057,NULL
9058,NULL
9061,NULL
9067,NULL
9069,NULL
9070,NULL
9072,NULL
9073,NULL
9074,NULL
9079,NULL
9084,NULL
9088,NULL
9092,NULL
9093,NULL
9097,NULL
9100,NULL
9101,NULL
9103,NULL
9104,NULL
9109,NULL
9111,NULL
9112,NULL
9113,NULL
9115,NULL
9120,NULL
9121,NULL
9125,NULL
9127,NULL
9131,NULL
9132,NULL
9142,NULL
9143,NULL
9145,NULL
9158,NULL
9162,NULL
9164,NULL
9166,NULL
9170,NULL
9172,NULL
9175,NULL
9179,NULL
9183,NULL
9186,NULL
9188,NULL
9189,NULL
9190,NULL
9194,NULL
9196,NULL
9197,NULL
9199,NULL
9201,NULL
9202,NULL
9203,NULL
9210,NULL
9217,NULL
9218,NULL
9219,NULL
9221,NULL
9225,NULL
9230,NULL
9231,NULL
9232,NULL
9233,NULL
9237,NULL
9242,NULL
9245,NULL
9247,NULL
9250,NULL
9252,NULL
9254,NULL
9262,NULL
9267,NULL
9268,NULL
9269,NULL
9274,NULL
9276,NULL
9283,NULL
9286,NULL
9287,NULL
9288,NULL
9289,NULL
9292,NULL
9293,NULL
9294,NULL
9296,NULL
9303,NULL
9304,NULL
9306,NULL
9307,NULL
9310,NULL
9312,NULL
9313,NULL
9314,NULL
9316,NULL
9317,NULL
9318,NULL
9320,NULL
9323,NULL
9325,NULL
9332,NULL
9334,NULL
9337,NULL
9338,NULL
9340,NULL
9341,NULL
9342,NULL
9344,NULL
9347,NULL
9348,NULL
9350,NULL
9354,NULL
9356,NULL
9360,NULL
9364,NULL
9365,NULL
9368,NULL
9370,NULL
9377,NULL
9379,NULL
9383,NULL
9388,NULL
9389,NULL
9391,NULL
